"dataset","metric","n_tumor","n_normal","tumor_median","normal_median","delta_tumor_minus_normal","p.value","FDR"
"GSE20347","TMEM158",17,17,8.69516558988627,7.4157923932737,1.27937319661257,0.0286700015737874,0.0382266687650498
"GSE26886","TMEM158",9,19,10.6358932695516,6.80607262380567,3.82982064574591,0.00130130738826391,0.00260261477652782
"GSE45670","TMEM158",28,10,8.88333547255375,8.83170986660445,0.0516256059492939,0.986995017973711,0.986995017973711
"TCGA","TMEM158",184,13,9.13040211470367,6.47050526770874,2.65989684699493,4.22475797930941e-05,0.000168990319172377
