"axis","n_TAC_high","n_other","median_TAC_high","median_other","delta_TAC_high_minus_other","p.value","FDR","boundary_call"
"Chemokine",14,46,-0.297202159619053,-0.0751532750951858,-0.222048884523867,0.082030346433111,0.1476546235796,"not_FDR_TAC_high_higher"
"Developmental",14,46,-0.186725938479375,-0.0395708229718613,-0.147155115507514,0.186981375289654,0.210354047200861,"not_FDR_TAC_high_higher"
"ECM_integrin",14,46,0.144457507876923,-0.124149472328869,0.268606980205792,0.0147634358501598,0.0442903075504795,"TAC_high_higher_FDR"
"Growth_factor",14,46,-0.205204861574506,-0.00404592193927709,-0.201158939635229,0.00591009431232988,0.0265954244054845,"not_FDR_TAC_high_higher"
"IL6_family",14,46,-0.37000354232569,0.044483465243865,-0.414487007569555,0.000985846649334025,0.00887261984400622,"not_FDR_TAC_high_higher"
"Laminin_integrin",14,46,-0.213068670299723,0.000200762914636897,-0.21326943321436,0.126191715796887,0.162246491738855,"not_FDR_TAC_high_higher"
"MIF_SPP1_axis",14,46,0.214100851407717,-0.089515945988838,0.303616797396555,0.0400122314934903,0.0900275208603532,"TAC_high_higher_FDR"
"TGF_beta_activin",14,46,-0.0575927480195091,-0.0291599463952599,-0.0284328016242492,0.951222437778796,0.951222437778796,"not_FDR_TAC_high_higher"
"CAF_to_epithelial_LR_composite",14,46,-0.14256521297666,-0.00363204167665145,-0.138933171300009,0.113712053443566,0.162246491738855,"not_FDR_TAC_high_higher"
